"Station Name","Date (Local Standard Time)","Air Temp. Min. (°C)","Air Temp. Max. (°C)","Air Temp. Avg. (°C)","Humidity Min. (%)","Humidity Max. (%)","Humidity Avg. (%)","Precip. Accumulated (mm)","Precip. (mm)","Wind Speed 2 m Avg. (km/h)","Wind Speed 10 m Avg. (km/h)"
"Blackie AGCM","14-January-2012","-10.920","5.476","-4.228","45.380","88.800","66.683","0.100","0.100","8.309",""
"Blackie AGCM","15-January-2012","-22.230","-7.095","-15.541","72.480","92.800","81.543","3.500","3.400","21.492",""
"Blackie AGCM","16-January-2012","-33.600","-21.960","-27.892","62.190","77.820","71.866","4.200","0.700","3.629",""
"Blackie AGCM","17-January-2012","-36.520","-28.670","-31.675","66.320","71.870","69.697","5.700","1.500","2.478",""
"Blackie AGCM","18-January-2012","-36.750","-24.360","-30.860","63.960","75.720","69.472","5.800","0.100","1.300",""
"Blackie AGCM","19-January-2012","-32.790","-21.460","-25.297","63.850","76.190","72.131","5.800","0.000","1.600",""
"Blackie AGCM","20-January-2012","-23.280","-17.340","-19.719","68.950","83.000","75.733","5.800","0.000","8.346",""
"Blackie AGCM","21-January-2012","-19.200","-11.830","-14.447","78.200","87.900","82.845","5.800","0.000","5.491",""
"Blackie AGCM","22-January-2012","-12.230","-2.508","-6.946","56.280","94.000","77.891","5.800","0.000","7.879",""
"Blackie AGCM","23-January-2012","-8.350","3.254","-2.888","45.540","66.000","57.348","5.800","0.000","10.772",""
"Blackie AGCM","24-January-2012","-11.390","3.746","-2.654","40.910","66.760","51.931","5.800","0.000","12.614",""
"Blackie AGCM","25-January-2012","-10.770","5.390","1.571","30.350","61.870","48.569","5.800","0.000","17.153",""
"Blackie AGCM","26-January-2012","-16.130","-1.697","-6.979","55.000","90.900","73.593","5.800","0.000","9.438",""
"Blackie AGCM","27-January-2012","-16.190","-1.845","-7.375","38.780","90.800","63.590","5.800","0.000","13.904",""
"Blackie AGCM","28-January-2012","-13.970","-0.966","-5.246","47.440","83.600","65.674","5.800","0.000","9.688",""
"Blackie AGCM","29-January-2012","-6.075","9.600","5.981","40.770","72.370","53.338","5.800","0.000","14.342",""
"Blackie AGCM","30-January-2012","-4.351","8.740","2.883","35.330","77.940","60.411","5.800","0.000","8.006",""
"Blackie AGCM","31-January-2012","-5.174","7.251","1.107","30.430","73.150","54.110","5.800","0.000","7.166",""
"Blackie AGCM","01-February-2012","-6.542","6.875","0.699","35.070","74.270","55.330","5.800","0.000","8.054",""
"Blackie AGCM","02-February-2012","-10.030","4.300","-2.295","47.540","96.200","77.068","5.800","0.000","6.793",""
"Blackie AGCM","03-February-2012","-12.780","4.646","-5.183","41.050","95.400","73.930","5.800","0.000","5.012",""
"Blackie AGCM","04-February-2012","-15.050","8.630","-5.322","31.700","95.300","71.797","5.800","0.000","3.232",""
"Blackie AGCM","05-February-2012","-7.806","6.815","-0.924","47.430","85.800","68.508","5.800","0.000","8.550",""
"Blackie AGCM","06-February-2012","-13.560","-0.474","-5.515","58.750","88.600","77.066","5.900","0.100","7.049",""
"Blackie AGCM","07-February-2012","-15.620","-1.502","-9.632","52.050","91.500","77.680","5.900","0.000","14.425",""
"Blackie AGCM","08-February-2012","-20.820","6.893","-8.054","20.410","90.800","65.031","5.900","0.000","5.472",""
"Blackie AGCM","09-February-2012","-14.060","-0.615","-8.146","47.740","84.500","70.474","5.900","0.000","5.629",""
"Blackie AGCM","10-February-2012","-15.780","-10.270","-11.955","63.710","89.000","79.674","5.900","0.000","10.773",""
"Blackie AGCM","11-February-2012","-18.250","-3.296","-12.076","54.280","86.900","75.488","6.000","0.100","11.819",""
"Blackie AGCM","12-February-2012","-16.250","7.240","-3.554","33.840","90.300","65.647","6.000","0.000","3.089",""
"Blackie AGCM","13-February-2012","-3.950","4.830","0.149","53.330","95.500","69.717","8.200","2.200","8.607",""
"Blackie AGCM","14-February-2012","-17.710","1.181","-9.590","42.810","95.000","75.566","8.400","0.200","2.728",""
"Blackie AGCM","15-February-2012","-17.540","4.412","-8.560","32.300","86.700","68.175","8.400","0.000","3.786",""
"Blackie AGCM","16-February-2012","-17.330","1.982","-7.863","44.470","86.500","72.348","8.400","0.000","2.708",""
"Blackie AGCM","17-February-2012","-12.430","4.005","-3.800","54.400","95.600","76.122","8.400","0.000","5.008",""
"Blackie AGCM","18-February-2012","-11.360","6.225","-1.217","31.520","91.100","61.894","8.400","0.000","13.038",""
"Blackie AGCM","19-February-2012","-6.205","5.850","-0.817","28.660","69.920","52.901","8.400","0.000","8.025",""
"Blackie AGCM","20-February-2012","-8.200","0.949","-3.559","43.520","94.900","76.352","8.700","0.300","7.234",""
"Blackie AGCM","21-February-2012","-11.100","9.520","-0.827","22.940","94.400","61.193","8.700","0.000","8.043",""
"Blackie AGCM","22-February-2012","-6.030","5.063","0.253","45.370","84.200","59.839","8.700","0.000","9.319",""
"Blackie AGCM","23-February-2012","-10.350","2.954","-3.467","40.730","95.700","73.615","8.800","0.100","5.439",""
"Blackie AGCM","24-February-2012","-10.390","-1.845","-4.749","68.680","96.100","85.449","8.900","0.100","11.450",""
"Blackie AGCM","25-February-2012","-12.510","-3.058","-6.590","66.950","96.500","84.793","9.600","0.700","19.996",""
"Blackie AGCM","26-February-2012","-22.180","-11.430","-14.030","75.400","86.400","82.709","12.900","3.300","8.064",""
"Blackie AGCM","27-February-2012","-25.610","-3.468","-15.516","58.770","88.000","79.133","13.000","0.100","3.589",""
"Blackie AGCM","28-February-2012","-20.530","0.242","-9.937","35.110","88.100","67.370","13.000","0.000","3.926",""
"Blackie AGCM","29-February-2012","-17.740","0.819","-8.438","33.700","87.400","68.436","13.000","0.000","3.942",""
"Blackie AGCM","01-March-2012","-16.440","-4.595","-8.650","67.030","93.000","79.224","13.000","0.000","8.829",""
"Blackie AGCM","02-March-2012","-18.090","4.889","-6.062","30.540","92.000","69.646","13.000","0.000","5.215",""
"Blackie AGCM","03-March-2012","-7.289","12.120","1.496","28.310","94.600","59.030","13.200","0.200","9.073",""
"Blackie AGCM","04-March-2012","-3.146","12.430","1.905","35.600","96.900","74.683","15.300","2.100","8.919",""
"Blackie AGCM","05-March-2012","-4.682","4.063","-3.057","65.400","98.500","92.794","16.800","1.500","9.745",""
"Blackie AGCM","06-March-2012","-13.380","-4.682","-7.802","68.610","92.900","82.724","17.400","0.600","17.127",""
"Blackie AGCM","07-March-2012","-17.820","6.137","-6.163","27.950","88.800","66.260","17.500","0.100","3.741",""
"Blackie AGCM","08-March-2012","-3.468","13.390","4.528","22.540","67.810","47.160","17.500","0.000","9.880",""
"Blackie AGCM","09-March-2012","3.446","15.880","9.436","20.090","49.750","34.477","17.500","0.000","19.538",""
"Blackie AGCM","10-March-2012","0.755","14.760","7.424","21.690","67.500","44.150","17.500","0.000","12.566",""
"Blackie AGCM","11-March-2012","-2.029","12.040","4.148","34.950","81.000","58.750","17.500","0.000","15.422",""
"Blackie AGCM","12-March-2012","-4.138","6.917","2.041","17.330","66.860","43.442","17.500","0.000","14.691",""
"Blackie AGCM","13-March-2012","-5.466","10.680","2.814","25.440","73.030","53.441","17.500","0.000","20.735",""
"Blackie AGCM","14-March-2012","-8.500","5.642","-0.727","22.480","77.330","47.746","17.500","0.000","12.762",""
"Blackie AGCM","15-March-2012","-2.033","15.140","5.836","26.850","74.050","52.820","17.500","0.000","18.070",""
"Blackie AGCM","16-March-2012","-2.804","12.200","4.434","21.420","79.850","55.995","17.500","0.000","12.109",""
"Blackie AGCM","17-March-2012","-10.710","3.588","-2.349","37.380","97.100","76.066","17.900","0.400","4.712",""
"Blackie AGCM","18-March-2012","-6.595","7.560","0.042","32.570","93.400","67.411","17.900","0.000","10.956",""
"Blackie AGCM","19-March-2012","-6.438","5.593","-0.819","30.780","93.800","66.091","17.900","0.000","10.493",""
"Blackie AGCM","20-March-2012","-7.400","7.918","-0.036","24.230","77.650","51.942","18.000","0.100","13.073",""
"Blackie AGCM","21-March-2012","-8.760","5.748","-0.979","13.830","77.520","46.599","18.000","0.000","10.649",""
"Blackie AGCM","22-March-2012","-5.439","3.558","-1.639","66.350","95.300","82.238","23.000","5.000","5.884",""
"Blackie AGCM","23-March-2012","-4.530","-1.989","-3.442","79.360","94.200","86.721","24.400","1.400","8.326",""
"Blackie AGCM","24-March-2012","-5.034","-2.228","-3.640","85.400","94.000","89.250","24.600","0.200","10.859",""
"Blackie AGCM","25-March-2012","-4.223","4.109","-0.871","77.450","98.600","90.484","24.600","0.000","12.500",""
"Blackie AGCM","26-March-2012","-2.994","2.110","0.359","80.200","98.300","91.921","24.900","0.300","11.777",""
"Blackie AGCM","27-March-2012","-0.484","11.160","2.729","41.600","97.600","81.952","24.900","0.000","4.909",""
"Blackie AGCM","28-March-2012","-0.608","15.280","5.204","24.150","82.500","58.817","24.900","0.000","12.495",""
"Blackie AGCM","29-March-2012","0.137","13.020","5.943","25.230","68.050","47.568","24.900","0.000","17.169",""
"Blackie AGCM","30-March-2012","-2.512","12.760","5.338","30.950","77.490","61.340","24.900","0.000","14.132",""
"Blackie AGCM","31-March-2012","-5.926","14.940","4.970","32.080","87.600","56.353","25.000","0.100","9.880",""
"Blackie AGCM","01-April-2012","-2.458","11.950","4.709","22.650","89.600","62.091","25.300","0.300","9.045",""
"Blackie AGCM","02-April-2012","-7.433","11.960","2.426","16.650","98.200","54.417","25.400","0.100","6.785",""
"Blackie AGCM","03-April-2012","-5.140","17.650","7.390","11.170","75.650","36.134","25.600","0.200","14.713",""
"Blackie AGCM","04-April-2012","-1.405","7.706","2.871","35.020","95.400","61.851","26.800","1.200","14.011",""
"Blackie AGCM","05-April-2012","-7.413","6.934","0.046","40.710","97.000","75.404","27.300","0.500","7.355",""
"Blackie AGCM","06-April-2012","-11.820","5.447","-2.069","33.130","95.400","72.752","27.400","0.100","7.424",""
"Blackie AGCM","07-April-2012","-8.190","7.990","0.364","23.620","95.600","61.950","27.400","0.000","6.975",""
"Blackie AGCM","08-April-2012","-7.144","9.610","1.253","25.480","78.430","51.283","27.400","0.000","10.096",""
"Blackie AGCM","09-April-2012","-8.530","10.130","1.831","23.090","79.500","46.146","27.400","0.000","11.764",""
"Blackie AGCM","10-April-2012","-6.126","13.430","3.913","26.720","79.090","48.594","27.400","0.000","13.765",""
"Blackie AGCM","11-April-2012","-2.695","14.550","5.671","25.100","78.980","50.010","27.400","0.000","8.130",""
"Blackie AGCM","12-April-2012","-2.666","8.060","1.171","50.310","98.100","85.256","55.100","27.700","8.310",""
"Blackie AGCM","13-April-2012","0.264","10.300","4.153","62.830","95.000","82.180","55.600","0.500","6.977",""
"Blackie AGCM","14-April-2012","-1.657","2.396","0.556","70.370","91.300","83.630","56.000","0.400","13.398",""
"Blackie AGCM","15-April-2012","-3.975","1.119","-1.668","63.550","84.800","73.458","56.000","0.000","13.201",""
"Blackie AGCM","16-April-2012","-3.428","13.310","3.768","33.030","91.300","63.261","56.000","0.000","9.054",""
"Blackie AGCM","17-April-2012","-0.436","4.788","2.327","61.750","90.300","74.772","56.000","0.000","10.022",""
"Blackie AGCM","18-April-2012","-0.195","7.989","3.462","62.100","96.100","81.066","57.700","1.700","10.824",""
"Blackie AGCM","19-April-2012","-0.698","13.010","5.371","30.510","98.400","69.355","57.700","0.000","6.493",""
"Blackie AGCM","20-April-2012","1.704","17.020","10.392","13.100","60.460","35.620","57.700","0.000","17.928",""
"Blackie AGCM","21-April-2012","-6.956","16.810","6.267","20.800","93.800","50.718","57.800","0.100","6.533",""
"Blackie AGCM","22-April-2012","-2.193","24.860","12.221","16.560","86.100","42.945","57.800","0.000","7.642",""
"Blackie AGCM","23-April-2012","1.648","27.450","15.048","13.950","80.500","41.687","57.800","0.000","9.930",""
"Blackie AGCM","24-April-2012","6.323","22.330","12.218","25.960","80.800","52.281","57.800","0.000","10.438",""
"Blackie AGCM","25-April-2012","1.346","21.410","10.900","18.590","97.600","67.083","57.800","0.000","8.475",""
"Blackie AGCM","26-April-2012","2.569","8.120","6.007","83.100","96.500","92.375","69.900","12.100","9.613",""
"Blackie AGCM","27-April-2012","3.250","7.878","5.334","61.900","96.500","82.481","70.700","0.800","17.638",""
"Blackie AGCM","28-April-2012","1.776","14.650","7.057","26.560","92.500","63.169","70.800","0.100","6.851",""
"Blackie AGCM","29-April-2012","-2.245","14.900","6.422","32.690","98.400","74.714","76.300","5.500","9.651",""
"Blackie AGCM","30-April-2012","0.086","14.050","6.837","48.570","97.900","80.604","85.700","9.400","9.290",""
"Blackie AGCM","01-May-2012","3.475","6.674","4.910","86.000","95.900","90.596","97.800","12.100","11.238",""
"Blackie AGCM","02-May-2012","1.034","6.379","4.369","80.000","96.800","89.996","101.400","3.600","7.948",""
"Blackie AGCM","03-May-2012","-0.120","10.470","4.987","39.040","98.500","78.377","101.500","0.100","13.246",""
"Blackie AGCM","04-May-2012","-0.522","16.810","8.785","17.830","90.600","54.086","101.500","0.000","8.899",""
"Blackie AGCM","05-May-2012","0.331","7.236","2.857","63.600","97.700","88.328","120.400","18.900","17.828",""
"Blackie AGCM","06-May-2012","1.004","14.280","7.156","27.700","89.200","55.730","120.400","0.000","12.958",""
"Blackie AGCM","07-May-2012","-1.459","18.540","9.391","22.340","90.100","51.998","120.500","0.100","6.812",""
"Blackie AGCM","08-May-2012","2.023","24.100","13.759","21.820","88.400","50.853","120.500","0.000","7.557",""
"Blackie AGCM","09-May-2012","1.334","19.570","12.000","27.340","94.800","51.723","120.700","0.200","18.323",""
"Blackie AGCM","10-May-2012","-2.691","9.590","3.611","14.380","97.000","57.740","121.800","1.100","15.969",""
"Blackie AGCM","11-May-2012","-5.279","15.520","6.031","14.110","74.610","39.012","121.900","0.100","5.678",""
"Blackie AGCM","12-May-2012","-1.663","21.870","10.606","17.300","77.800","39.843","121.900","0.000","8.317",""
"Blackie AGCM","13-May-2012","-0.058","26.080","14.924","10.950","74.600","35.468","121.900","0.000","7.321",""
"Blackie AGCM","14-May-2012","4.554","22.500","14.615","16.110","66.760","33.665","121.900","0.000","10.093",""
"Blackie AGCM","15-May-2012","3.619","29.440","17.328","10.280","83.800","38.254","121.900","0.000","6.935",""
"Blackie AGCM","16-May-2012","8.120","26.030","15.890","11.250","78.930","39.533","121.900","0.000","13.397",""
"Blackie AGCM","17-May-2012","3.768","10.520","6.785","58.870","92.800","75.065","128.100","6.200","10.276",""
"Blackie AGCM","18-May-2012","2.962","11.910","6.443","41.100","90.900","70.622","129.900","1.800","13.082",""
"Blackie AGCM","19-May-2012","-1.492","13.980","6.393","34.750","96.100","66.677","130.000","0.100","9.965",""
"Blackie AGCM","20-May-2012","-2.194","19.380","10.490","20.740","95.500","51.756","130.000","0.000","5.600",""
"Blackie AGCM","21-May-2012","8.830","21.480","14.426","29.550","68.980","49.697","130.000","0.000","6.859",""
"Blackie AGCM","22-May-2012","7.219","19.780","13.034","26.680","91.000","59.735","133.200","3.200","12.037",""
"Blackie AGCM","23-May-2012","3.966","13.780","7.889","44.500","93.300","75.483","134.500","1.300","15.108",""
"Blackie AGCM","24-May-2012","2.145","8.530","4.692","58.440","93.600","83.598","136.600","2.100","11.258",""
"Blackie AGCM","25-May-2012","0.445","14.320","7.569","28.360","95.600","62.310","136.600","0.000","9.300",""
"Blackie AGCM","26-May-2012","-1.073","14.280","7.680","25.400","93.500","55.188","136.700","0.100","9.894",""
"Blackie AGCM","27-May-2012","2.895","10.890","5.906","54.000","94.400","76.490","138.300","1.600","8.794",""
"Champion AGDM","14-January-2012","-8.990","6.402","-2.452","41.650","91.100","67.703","0.100","0.100","14.220","19.417"
"Champion AGDM","15-January-2012","-25.830","-6.769","-15.362","72.600","93.300","83.425","3.000","2.900","21.818","28.170"
"Champion AGDM","16-January-2012","-33.330","-20.400","-26.245","65.230","78.300","73.005","3.500","0.500","6.072","10.860"
"Champion AGDM","17-January-2012","-32.860","-26.570","-29.436","61.920","72.900","68.780","4.100","0.600","2.521","7.477"
"Champion AGDM","18-January-2012","-35.710","-22.970","-29.389","52.010","71.200","64.482","4.200","0.100","4.274","7.967"
"Champion AGDM","19-January-2012","-29.630","-17.150","-21.854","50.940","77.100","67.592","4.200","0.000","4.091","4.744"
"Champion AGDM","20-January-2012","-21.530","-16.090","-18.566","67.080","81.400","76.185","4.200","0.000","8.289","10.309"
"Champion AGDM","21-January-2012","-16.090","-5.752","-12.963","73.100","88.900","83.362","4.200","0.000","8.134","9.873"
"Champion AGDM","22-January-2012","-11.660","0.029","-6.017","56.670","94.700","76.022","4.200","0.000","10.277","13.708"
"Champion AGDM","23-January-2012","-11.510","3.342","-2.460","41.910","68.660","58.420","4.200","0.000","16.150","21.927"
"Champion AGDM","24-January-2012","-10.720","3.633","-1.925","47.230","72.900","56.311","4.200","0.000","23.261","30.701"
"Champion AGDM","25-January-2012","-5.918","6.022","2.062","34.220","69.950","52.339","4.200","0.000","22.303","30.178"
"Champion AGDM","26-January-2012","-12.950","5.292","-4.711","57.760","90.500","75.022","4.200","0.000","11.870","17.015"
"Champion AGDM","27-January-2012","-16.150","-0.653","-7.324","38.260","90.000","67.066","4.200","0.000","12.360","17.866"
"Champion AGDM","28-January-2012","-12.620","2.898","-4.650","54.400","83.400","64.762","4.200","0.000","10.045","14.241"
"Champion AGDM","29-January-2012","2.015","10.830","6.024","45.280","68.990","55.236","4.200","0.000","18.357","24.975"
"Champion AGDM","30-January-2012","-3.702","9.300","2.720","35.930","78.200","63.690","4.200","0.000","9.690","14.980"
"Champion AGDM","31-January-2012","-6.859","7.320","0.429","30.920","80.000","58.727","4.200","0.000","13.747","19.389"
"Champion AGDM","01-February-2012","-6.540","6.757","0.732","39.750","77.700","59.573","4.200","0.000","13.696","19.008"
"Champion AGDM","02-February-2012","-9.490","5.128","-1.511","48.680","92.200","74.980","4.200","0.000","8.345","11.955"
"Champion AGDM","03-February-2012","-11.450","6.148","-4.147","31.790","91.700","72.490","4.200","0.000","6.127","8.735"
"Champion AGDM","04-February-2012","-12.730","8.690","-4.217","29.950","91.600","70.155","4.200","0.000","5.949","8.448"
"Champion AGDM","05-February-2012","-6.414","6.962","0.071","50.110","82.600","68.505","4.200","0.000","13.100","18.261"
"Champion AGDM","06-February-2012","-13.190","-0.212","-4.918","55.020","87.200","73.190","4.200","0.000","7.939","10.304"
"Champion AGDM","07-February-2012","-16.490","-1.014","-9.903","50.330","92.200","78.061","4.200","0.000","9.995","14.888"
"Champion AGDM","08-February-2012","-14.800","6.051","-6.462","27.120","91.900","67.930","4.200","0.000","7.913","11.204"
"Champion AGDM","09-February-2012","-11.140","-0.448","-6.463","49.740","81.500","67.995","4.200","0.000","8.792","12.772"
"Champion AGDM","10-February-2012","-16.220","-9.750","-11.872","65.890","91.200","79.300","4.200","0.000","8.554","11.230"
"Champion AGDM","11-February-2012","-19.110","-2.492","-11.786","52.180","84.800","73.751","4.300","0.100","10.173","14.675"
"Champion AGDM","12-February-2012","-14.880","7.570","-2.935","36.390","91.300","67.029","4.300","0.000","5.522","7.057"
"Champion AGDM","13-February-2012","-3.594","5.627","1.305","53.520","96.500","66.001","6.300","2.000","11.054","15.320"
"Champion AGDM","14-February-2012","-15.080","-0.296","-7.640","48.730","94.800","76.543","6.500","0.200","7.879","11.885"
"Champion AGDM","15-February-2012","-17.350","3.966","-8.041","42.400","88.400","68.540","6.600","0.100","7.534","11.435"
"Champion AGDM","16-February-2012","-15.570","3.308","-5.423","47.190","86.200","69.010","6.600","0.000","6.352","9.050"
"Champion AGDM","17-February-2012","-10.780","4.854","-2.446","52.370","88.200","73.802","6.600","0.000","6.724","9.437"
"Champion AGDM","18-February-2012","-10.720","5.748","-0.782","39.690","89.700","65.923","6.600","0.000","15.554","20.712"
"Champion AGDM","19-February-2012","-9.130","5.796","-1.137","29.670","80.100","58.635","6.600","0.000","11.279","15.701"
"Champion AGDM","20-February-2012","-7.920","1.585","-3.131","48.910","94.000","76.074","6.600","0.000","8.030","10.309"
"Champion AGDM","21-February-2012","-9.650","9.590","-0.607","28.950","92.200","64.690","6.600","0.000","9.895","14.423"
"Champion AGDM","22-February-2012","-5.768","4.405","-0.017","49.220","85.700","66.907","6.600","0.000","10.257","14.491"
"Champion AGDM","23-February-2012","-9.620","3.272","-3.020","45.060","95.900","75.655","6.600","0.000","7.354","10.149"
"Champion AGDM","24-February-2012","-9.410","-1.064","-4.023","67.990","97.000","87.026","6.600","0.000","11.309","15.454"
"Champion AGDM","25-February-2012","-12.030","-2.306","-5.776","64.390","95.800","83.568","6.700","0.100","21.507","27.966"
"Champion AGDM","26-February-2012","-22.380","-9.870","-13.433","74.400","88.200","82.596","9.100","2.400","9.374","12.084"
"Champion AGDM","27-February-2012","-25.600","-1.664","-14.570","54.450","89.000","78.032","9.200","0.100","4.451","4.810"
"Champion AGDM","28-February-2012","-19.070","1.717","-8.558","33.050","85.900","65.281","9.200","0.000","6.306","9.331"
"Champion AGDM","29-February-2012","-12.880","3.688","-5.583","39.240","83.600","64.895","9.200","0.000","4.810","6.316"
"Champion AGDM","01-March-2012","-15.270","-3.525","-8.212","66.270","90.700","79.328","9.200","0.000","12.298","16.135"
"Champion AGDM","02-March-2012","-13.540","5.165","-4.873","30.260","92.300","68.099","9.200","0.000","9.082","12.403"
"Champion AGDM","03-March-2012","-7.110","12.760","1.964","26.370","85.200","57.894","9.200","0.000","14.803","19.920"
"Champion AGDM","04-March-2012","-3.049","13.480","3.369","29.780","96.300","69.100","9.200","0.000","12.703","16.539"
"Champion AGDM","05-March-2012","-4.579","5.003","-1.987","57.030","97.800","89.848","10.300","1.100","10.917","13.918"
"Champion AGDM","06-March-2012","-11.640","-4.049","-6.999","66.900","95.200","83.662","10.600","0.300","19.415","25.380"
"Champion AGDM","07-March-2012","-16.940","6.404","-5.398","29.540","92.800","66.837","10.700","0.100","5.180","9.825"
"Champion AGDM","08-March-2012","-3.881","12.120","3.909","28.380","75.000","50.976","10.700","0.000","13.784","18.723"
"Champion AGDM","09-March-2012","3.696","17.690","9.750","16.810","51.530","35.085","10.700","0.000","21.425","28.595"
"Champion AGDM","10-March-2012","1.040","14.860","7.769","23.150","74.200","44.449","10.700","0.000","17.904","23.814"
"Champion AGDM","11-March-2012","-0.566","12.760","5.023","36.750","79.700","57.593","10.700","0.000","18.417","24.427"
"Champion AGDM","12-March-2012","-3.467","7.190","2.442","21.870","65.580","43.418","10.700","0.000","21.425","27.823"
"Champion AGDM","13-March-2012","-4.718","11.460","2.653","29.450","86.700","61.712","10.700","0.000","25.397","33.874"
"Champion AGDM","14-March-2012","-7.920","6.281","-0.705","25.430","90.300","54.550","10.700","0.000","16.369","21.179"
"Champion AGDM","15-March-2012","-3.201","14.720","5.820","32.020","83.700","58.640","10.700","0.000","18.765","24.541"
"Champion AGDM","16-March-2012","-2.067","11.950","4.773","26.640","81.300","55.660","10.700","0.000","18.902","25.122"
"Champion AGDM","17-March-2012","-8.400","4.566","-1.750","40.900","96.800","75.633","12.700","2.000","5.354","6.683"
"Champion AGDM","18-March-2012","-8.090","5.788","-1.203","51.940","96.600","77.306","14.800","2.100","10.536","14.658"
"Champion AGDM","19-March-2012","-4.384","4.974","-0.371","37.210","94.600","73.270","14.900","0.100","13.386","17.544"
"Champion AGDM","20-March-2012","-8.250","7.550","-0.014","35.850","87.500","62.662","15.100","0.200","18.857","24.987"
"Champion AGDM","21-March-2012","-4.888","6.206","0.205","25.260","80.600","55.864","15.100","0.000","16.728","21.622"
"Champion AGDM","22-March-2012","-3.653","6.379","-0.234","62.450","97.100","83.036","19.600","4.500","7.793","9.595"
"Champion AGDM","23-March-2012","-5.642","-1.966","-3.302","83.600","95.500","89.704","21.400","1.800","8.097","10.151"
"Champion AGDM","24-March-2012","-5.266","-1.939","-3.331","85.500","96.000","91.004","21.400","0.000","9.023","11.245"
"Champion AGDM","25-March-2012","-4.109","3.429","-0.481","83.700","98.400","91.496","21.400","0.000","9.512","12.312"
"Champion AGDM","26-March-2012","-3.282","1.861","0.162","89.300","98.600","95.679","21.900","0.500","12.054","15.807"
"Champion AGDM","27-March-2012","-3.463","12.870","3.466","32.980","99.100","78.025","22.000","0.100","5.054","6.137"
"Champion AGDM","28-March-2012","-1.708","13.750","4.772","31.930","95.500","66.697","22.000","0.000","14.350","18.750"
"Champion AGDM","29-March-2012","0.808","12.860","5.893","29.250","76.500","53.798","22.000","0.000","21.550","28.230"
"Champion AGDM","30-March-2012","-0.773","13.120","5.936","35.610","88.500","66.706","22.600","0.600","19.813","25.811"
"Champion AGDM","31-March-2012","-2.994","16.090","5.864","36.450","83.400","60.236","22.600","0.000","10.989","14.399"
"Champion AGDM","01-April-2012","-3.309","12.950","5.870","19.700","95.900","60.299","23.100","0.500","13.989","18.522"
"Champion AGDM","02-April-2012","-8.220","12.100","2.904","16.560","97.600","58.750","23.200","0.100","9.086","12.060"
"Champion AGDM","03-April-2012","-4.163","16.820","6.927","12.100","74.700","41.011","23.200","0.000","13.795","18.850"
"Champion AGDM","04-April-2012","-1.436","9.930","4.298","40.040","98.900","60.959","23.800","0.600","15.268","21.277"
"Champion AGDM","05-April-2012","-4.289","7.830","1.103","30.490","93.500","73.972","24.100","0.300","9.452","12.168"
"Champion AGDM","06-April-2012","-6.293","6.205","-0.826","35.530","97.800","73.815","24.200","0.100","10.737","15.088"
"Champion AGDM","07-April-2012","-7.210","8.240","0.394","24.810","95.900","61.832","24.200","0.000","9.767","13.915"
"Champion AGDM","08-April-2012","-6.487","9.920","1.334","27.680","83.400","53.310","24.200","0.000","12.224","17.144"
"Champion AGDM","09-April-2012","-6.427","10.660","2.064","23.210","80.300","49.420","24.200","0.000","9.926","13.245"
"Champion AGDM","10-April-2012","-5.040","14.600","4.406","26.630","78.200","50.506","24.200","0.000","11.930","16.281"
"Champion AGDM","11-April-2012","-0.973","15.400","6.218","26.370","74.200","50.535","24.200","0.000","7.524","9.803"
"Champion AGDM","12-April-2012","-0.263","6.412","2.188","58.550","98.700","82.847","48.100","23.900","10.884","15.196"
"Champion AGDM","13-April-2012","-1.216","13.380","5.290","49.170","97.100","79.645","48.500","0.400","9.206","11.948"
"Champion AGDM","14-April-2012","-1.627","2.755","0.755","67.890","95.800","85.783","48.800","0.300","12.374","16.245"
"Champion AGDM","15-April-2012","-3.497","2.129","-1.327","58.160","87.100","74.683","48.900","0.100","14.403","17.965"
"Champion AGDM","16-April-2012","-3.653","11.840","3.721","39.460","91.200","66.289","48.900","0.000","10.237","12.446"
"Champion AGDM","17-April-2012","0.975","7.090","3.056","59.010","87.500","75.371","48.900","0.000","10.017","12.847"
"Champion AGDM","18-April-2012","0.570","9.660","4.079","58.960","96.700","82.514","49.600","0.700","11.522","15.077"
"Champion AGDM","19-April-2012","-0.186","13.180","5.747","34.190","99.000","70.953","49.700","0.100","7.237","8.839"
"Champion AGDM","20-April-2012","2.229","17.370","10.280","16.180","73.700","40.270","49.700","0.000","19.993","26.784"
"Champion AGDM","21-April-2012","-3.530","17.510","7.651","19.890","85.400","48.165","49.800","0.100","9.330","12.956"
"Champion AGDM","22-April-2012","1.044","25.690","13.000","15.760","81.700","44.448","49.800","0.000","10.951","14.548"
"Champion AGDM","23-April-2012","2.070","28.210","15.763","13.780","79.900","42.936","50.000","0.200","11.538","14.723"
"Champion AGDM","24-April-2012","7.140","23.280","13.247","20.510","81.500","52.532","50.000","0.000","10.424","13.178"
"Champion AGDM","25-April-2012","4.967","21.480","12.629","21.760","98.400","62.547","50.100","0.100","11.986","15.169"
"Champion AGDM","26-April-2012","4.601","11.090","7.732","81.000","98.200","89.283","60.600","10.500","12.516","16.424"
"Champion AGDM","27-April-2012","2.831","7.520","5.348","66.780","97.500","85.423","62.000","1.400","20.213","26.342"
"Champion AGDM","28-April-2012","2.042","13.630","7.010","30.670","95.300","67.151","62.100","0.100","7.574","9.049"
"Champion AGDM","29-April-2012","-1.603","14.760","6.688","38.990","97.800","73.290","62.100","0.000","9.954","12.892"
"Champion AGDM","30-April-2012","-0.339","14.200","6.876","50.980","99.200","82.100","62.400","0.300","9.544","12.552"
"Champion AGDM","01-May-2012","3.902","6.651","5.036","82.800","96.600","92.400","72.300","9.900","14.479","17.789"
"Champion AGDM","02-May-2012","1.884","7.830","4.683","80.800","97.300","93.379","83.300","11.000","8.867","11.337"
"Champion AGDM","03-May-2012","-1.169","10.930","4.998","41.550","99.400","80.331","83.500","0.200","10.572","14.617"
"Champion AGDM","04-May-2012","0.074","16.830","9.018","25.090","92.100","57.548","83.500","0.000","16.279","20.158"
"Champion AGDM","05-May-2012","0.348","8.800","3.115","52.070","99.200","87.393","91.500","8.000","24.564","31.312"
"Champion AGDM","06-May-2012","1.383","14.130","7.191","28.700","92.700","59.340","91.500","0.000","15.791","19.687"
"Champion AGDM","07-May-2012","0.044","18.510","10.246","24.200","80.500","50.775","91.500","0.000","8.472","10.641"
"Champion AGDM","08-May-2012","2.552","25.310","14.069","21.830","91.100","51.905","91.500","0.000","11.402","13.677"
"Champion AGDM","09-May-2012","2.078","21.810","12.597","16.240","90.500","51.335","91.500","0.000","21.305","26.880"
"Champion AGDM","10-May-2012","-2.769","9.480","3.832","18.380","97.700","61.568","93.200","1.700","18.891","23.834"
"Champion AGDM","11-May-2012","-4.007","16.340","6.398","13.300","74.300","40.646","93.300","0.100","8.400","10.661"
"Champion AGDM","12-May-2012","-1.962","22.330","11.067","17.360","81.600","39.122","93.300","0.000","11.179","14.598"
"Champion AGDM","13-May-2012","5.937","26.310","16.213","11.130","50.120","29.556","93.300","0.000","11.739","16.181"
"Champion AGDM","14-May-2012","6.107","22.310","15.535","19.560","56.170","32.787","93.300","0.000","11.990","15.784"
"Champion AGDM","15-May-2012","4.369","30.370","17.750","9.930","81.300","39.697","93.300","0.000","10.250","13.244"
"Champion AGDM","16-May-2012","9.530","26.670","17.717","10.700","75.600","33.309","93.300","0.000","17.944","22.747"
"Champion AGDM","17-May-2012","4.312","11.640","7.513","54.780","89.500","74.675","94.000","0.700","13.465","15.867"
"Champion AGDM","18-May-2012","3.119","12.090","6.671","43.280","94.000","73.245","98.000","4.000","15.862","19.509"
"Champion AGDM","19-May-2012","0.282","14.240","7.150","37.840","96.300","67.729","98.100","0.100","11.388","14.483"
"Champion AGDM","20-May-2012","-0.227","19.610","11.278","22.100","93.500","51.152","98.100","0.000","9.010","10.486"
"Champion AGDM","21-May-2012","9.090","22.240","15.126","33.210","71.400","48.988","98.100","0.000","16.392","19.902"
"Champion AGDM","22-May-2012","7.790","20.440","13.452","25.830","89.000","58.907","99.800","1.700","17.504","21.953"
"Champion AGDM","23-May-2012","4.173","13.710","8.036","48.530","95.400","80.091","101.700","1.900","15.764","20.185"
"Champion AGDM","24-May-2012","2.164","9.130","4.803","63.120","95.700","86.308","104.800","3.100","13.941","17.531"
"Champion AGDM","25-May-2012","1.568","14.450","8.255","30.320","93.600","60.235","104.800","0.000","12.020","16.167"
"Champion AGDM","26-May-2012","0.206","13.960","8.103","31.470","81.800","53.873","104.800","0.000","10.306","13.557"
"Champion AGDM","27-May-2012","3.260","9.090","5.443","69.850","95.300","85.647","110.200","5.400","11.361","14.475"
"Mossleigh AGCM","14-January-2012","-10.120","5.184","-4.297","45.030","82.700","66.637","0.000","0.000","7.157",""
"Mossleigh AGCM","15-January-2012","-22.210","-6.400","-15.150","70.100","92.200","80.333","2.600","2.600","20.705",""
"Mossleigh AGCM","16-January-2012","-32.670","-21.960","-27.095","59.830","78.700","73.041","3.400","0.800","3.585",""
"Mossleigh AGCM","17-January-2012","-35.150","-28.650","-31.625","66.990","71.710","69.515","4.300","0.900","3.001",""
"Mossleigh AGCM","18-January-2012","-35.330","-25.060","-30.633","61.970","70.230","66.613","4.300","0.000","7.633",""
"Mossleigh AGCM","19-January-2012","-33.210","-20.930","-24.651","52.750","75.200","65.891","4.300","0.000","3.864",""
"Mossleigh AGCM","20-January-2012","-22.360","-16.000","-18.756","61.320","79.400","72.869","4.300","0.000","8.384",""
"Mossleigh AGCM","21-January-2012","-19.200","-12.390","-14.803","75.700","87.200","81.917","4.300","0.000","4.720",""
"Mossleigh AGCM","22-January-2012","-12.570","2.389","-5.641","49.690","91.600","73.311","4.300","0.000","12.113",""
"Mossleigh AGCM","23-January-2012","-7.000","1.823","-2.720","49.790","65.850","59.033","4.300","0.000","16.211",""
"Mossleigh AGCM","24-January-2012","-14.440","3.969","-4.052","41.190","78.100","60.048","4.300","0.000","17.019",""
"Mossleigh AGCM","25-January-2012","-13.100","5.696","0.751","32.950","74.500","52.710","4.300","0.000","17.624",""
"Mossleigh AGCM","26-January-2012","-13.260","0.296","-6.954","61.670","88.100","73.988","4.300","0.000","9.781",""
"Mossleigh AGCM","27-January-2012","-16.200","-0.631","-7.616","40.750","91.400","68.497","4.300","0.000","14.379",""
"Mossleigh AGCM","28-January-2012","-13.150","1.682","-5.419","55.560","88.700","65.619","4.300","0.000","12.162",""
"Mossleigh AGCM","29-January-2012","-0.343","10.170","5.242","51.560","67.630","59.547","4.300","0.000","17.467",""
"Mossleigh AGCM","30-January-2012","-0.865","8.930","3.593","40.760","74.400","60.066","4.300","0.000","9.922",""
"Mossleigh AGCM","31-January-2012","-3.394","7.160","1.411","34.060","70.600","55.728","4.300","0.000","11.077",""
"Mossleigh AGCM","01-February-2012","-5.520","5.841","0.673","47.350","73.800","57.947","4.300","0.000","9.183",""
"Mossleigh AGCM","02-February-2012","-9.380","4.155","-1.164","45.110","89.400","71.909","4.300","0.000","8.807",""
"Mossleigh AGCM","03-February-2012","-11.370","6.451","-3.092","33.240","90.800","69.017","4.300","0.000","9.896",""
"Mossleigh AGCM","04-February-2012","-12.350","8.740","-4.527","24.950","90.700","71.612","4.300","0.000","6.792",""
"Mossleigh AGCM","05-February-2012","-7.290","6.475","0.499","48.100","83.900","66.880","4.300","0.000","7.526",""
"Mossleigh AGCM","06-February-2012","-9.500","-0.775","-4.819","44.250","84.700","65.765","4.300","0.000","8.689",""
"Mossleigh AGCM","07-February-2012","-16.100","-1.080","-7.519","43.550","87.600","67.485","4.300","0.000","17.098",""
"Mossleigh AGCM","08-February-2012","-17.530","6.660","-6.163","18.990","89.300","62.992","4.300","0.000","8.796",""
"Mossleigh AGCM","09-February-2012","-12.850","-2.352","-6.968","51.100","84.000","68.601","4.300","0.000","6.897",""
"Mossleigh AGCM","10-February-2012","-14.010","-8.920","-11.227","42.670","89.000","70.430","4.300","0.000","9.509",""
"Mossleigh AGCM","11-February-2012","-14.520","-2.859","-9.706","50.740","84.200","66.593","4.400","0.100","13.741",""
"Mossleigh AGCM","12-February-2012","-14.860","6.713","-2.506","39.460","87.600","65.008","4.400","0.000","6.226",""
"Mossleigh AGCM","13-February-2012","-3.642","4.803","0.643","53.790","95.200","67.871","6.100","1.700","7.730",""
"Mossleigh AGCM","14-February-2012","-16.320","0.725","-7.827","45.590","90.900","73.192","6.400","0.300","6.273",""
"Mossleigh AGCM","15-February-2012","-16.130","3.762","-7.582","35.780","84.900","66.280","6.400","0.000","10.413",""
"Mossleigh AGCM","16-February-2012","-17.550","3.731","-6.975","45.020","88.000","69.377","6.500","0.100","5.614",""
"Mossleigh AGCM","17-February-2012","-9.190","4.426","-1.824","52.000","87.100","70.833","6.500","0.000","6.588",""
"Mossleigh AGCM","18-February-2012","-10.420","6.960","-1.387","32.020","88.900","64.632","6.500","0.000","14.091",""
"Mossleigh AGCM","19-February-2012","-5.853","6.026","-1.327","28.460","86.600","61.328","6.500","0.000","10.069",""
"Mossleigh AGCM","20-February-2012","-6.269","1.738","-3.075","38.810","94.500","74.405","6.500","0.000","7.452",""
"Mossleigh AGCM","21-February-2012","-11.130","9.960","-1.200","24.430","91.800","62.997","6.500","0.000","11.104",""
"Mossleigh AGCM","22-February-2012","-3.996","4.122","0.203","42.160","72.200","59.342","6.500","0.000","11.377",""
"Mossleigh AGCM","23-February-2012","-6.461","3.401","-2.256","39.260","96.400","73.637","10.000","3.500","7.063",""
"Mossleigh AGCM","24-February-2012","-10.330","-1.517","-4.544","72.900","95.100","88.300","10.500","0.500","13.677",""
"Mossleigh AGCM","25-February-2012","-12.400","-2.142","-6.504","77.300","96.500","86.567","11.000","0.500","21.918",""
"Mossleigh AGCM","26-February-2012","-24.240","-11.080","-13.766","78.500","88.200","84.242","14.000","3.000","7.613",""
"Mossleigh AGCM","27-February-2012","-25.100","-0.998","-16.166","55.660","88.000","80.201","14.100","0.100","7.145",""
"Mossleigh AGCM","28-February-2012","-21.730","4.227","-11.247","31.850","86.900","66.804","14.100","0.000","4.218",""
"Mossleigh AGCM","29-February-2012","-18.420","1.218","-8.678","33.890","84.800","68.868","14.100","0.000","5.442",""
"Mossleigh AGCM","01-March-2012","-14.220","-5.763","-8.241","71.200","88.300","79.192","14.100","0.000","9.911",""
"Mossleigh AGCM","02-March-2012","-15.610","4.197","-6.425","35.560","90.200","70.245","14.100","0.000","8.070",""
"Mossleigh AGCM","03-March-2012","-11.250","12.500","0.483","28.100","96.100","61.509","14.900","0.800","11.283",""
"Mossleigh AGCM","04-March-2012","-3.486","5.495","0.465","63.630","96.800","81.384","17.900","3.000","7.815",""
"Mossleigh AGCM","05-March-2012","-4.072","3.155","-3.261","66.350","96.900","92.931","19.100","1.200","9.176",""
"Mossleigh AGCM","06-March-2012","-12.100","-3.946","-7.726","70.800","95.400","84.387","19.500","0.400","18.392",""
"Mossleigh AGCM","07-March-2012","-17.960","4.361","-5.799","32.970","90.800","65.840","19.700","0.200","9.203",""
"Mossleigh AGCM","08-March-2012","-3.008","12.540","4.099","27.500","68.810","51.649","19.700","0.000","12.641",""
"Mossleigh AGCM","09-March-2012","3.579","16.330","8.958","25.430","58.840","41.327","19.700","0.000","20.161",""
"Mossleigh AGCM","10-March-2012","2.222","15.270","7.801","22.410","62.700","46.580","19.700","0.000","16.912",""
"Mossleigh AGCM","11-March-2012","-0.572","12.800","6.052","34.990","71.300","52.730","19.700","0.000","21.454",""
"Mossleigh AGCM","12-March-2012","-4.065","7.820","2.373","18.660","82.300","47.590","19.700","0.000","19.934",""
"Mossleigh AGCM","13-March-2012","-7.340","12.330","3.294","29.100","67.590","54.956","19.700","0.000","28.671",""
"Mossleigh AGCM","14-March-2012","-10.150","5.888","-0.778","23.050","86.600","51.510","19.700","0.000","14.968",""
"Mossleigh AGCM","15-March-2012","-3.420","15.280","6.536","27.830","68.620","50.699","19.700","0.000","22.394",""
"Mossleigh AGCM","16-March-2012","-4.909","12.430","4.555","20.130","81.400","59.408","19.700","0.000","15.724",""
"Mossleigh AGCM","17-March-2012","-9.370","3.534","-2.610","44.430","95.400","78.501","21.100","1.400","5.768",""
"Mossleigh AGCM","18-March-2012","-9.640","5.290","-1.641","57.290","96.600","79.750","21.600","0.500","8.819",""
"Mossleigh AGCM","19-March-2012","-8.690","4.552","-1.173","29.500","96.600","70.655","21.600","0.000","9.650",""
"Mossleigh AGCM","20-March-2012","-8.610","8.860","0.022","22.220","82.000","54.366","21.600","0.000","16.983",""
"Mossleigh AGCM","21-March-2012","-6.960","5.990","-0.150","13.140","76.100","45.317","21.600","0.000","15.277",""
"Mossleigh AGCM","22-March-2012","-6.316","3.645","-1.632","59.920","95.170","82.043","23.900","2.300","5.873",""
"Mossleigh AGCM","23-March-2012","-6.575","-2.499","-3.743","80.000","94.100","87.576","24.600","0.700","7.245",""
"Mossleigh AGCM","24-March-2012","-6.559","-1.293","-3.239","80.000","95.200","86.629","24.700","0.100","9.403",""
"Mossleigh AGCM","25-March-2012","-2.866","4.225","0.191","79.200","94.000","86.642","24.700","0.000","11.287",""
"Mossleigh AGCM","26-March-2012","-5.457","1.942","-0.221","88.700","97.100","93.312","25.700","1.000","9.485",""
"Mossleigh AGCM","27-March-2012","-0.429","9.680","2.529","56.640","97.300","84.599","26.000","0.300","6.343",""
"Mossleigh AGCM","28-March-2012","-0.833","14.830","6.510","24.950","87.400","53.637","26.000","0.000","16.684",""
"Mossleigh AGCM","29-March-2012","-4.578","13.730","6.306","22.250","83.200","47.939","26.000","0.000","21.880",""
"Mossleigh AGCM","30-March-2012","-1.691","13.080","6.022","24.680","77.900","59.855","26.000","0.000","19.592",""
"Mossleigh AGCM","31-March-2012","-8.130","15.280","4.842","29.610","89.500","56.446","26.000","0.000","9.250",""
"Mossleigh AGCM","01-April-2012","-4.129","10.010","4.370","40.590","93.600","65.893","26.300","0.300","8.925",""
"Mossleigh AGCM","02-April-2012","-7.790","12.110","2.893","15.710","95.700","54.319","26.300","0.000","8.412",""
"Mossleigh AGCM","03-April-2012","-6.907","18.820","7.539","11.480","82.000","37.676","26.300","0.000","18.526",""
"Mossleigh AGCM","04-April-2012","-2.512","9.620","3.985","34.870","100.600","60.429","26.700","0.400","14.454",""
"Mossleigh AGCM","05-April-2012","-7.600","7.530","0.136","39.720","98.900","79.976","27.100","0.400","7.968",""
"Mossleigh AGCM","06-April-2012","-9.410","6.244","-1.619","33.450","100.500","75.522","27.200","0.100","7.697",""
"Mossleigh AGCM","07-April-2012","-7.640","7.810","0.879","26.370","94.500","60.689","27.300","0.100","10.136",""
"Mossleigh AGCM","08-April-2012","-5.622","9.660","2.270","30.570","74.300","48.528","27.300","0.000","11.665",""
"Mossleigh AGCM","09-April-2012","-9.570","10.140","2.522","21.880","86.800","44.126","27.300","0.000","12.019",""
"Mossleigh AGCM","10-April-2012","-2.089","13.470","5.499","27.210","65.630","43.381","27.300","0.000","20.593",""
"Mossleigh AGCM","11-April-2012","-0.080","15.440","7.004","25.170","71.700","46.423","27.300","0.000","10.833",""
"Mossleigh AGCM","12-April-2012","-3.823","6.586","1.137","65.950","101.300","89.116","47.500","20.200","7.341",""
"Mossleigh AGCM","13-April-2012","0.343","11.020","4.418","57.350","99.000","83.322","48.100","0.600","8.627",""
"Mossleigh AGCM","14-April-2012","-1.915","2.411","0.575","66.170","99.100","86.990","48.600","0.500","13.894",""
"Mossleigh AGCM","15-April-2012","-3.829","0.913","-2.032","64.080","89.900","78.584","48.600","0.000","13.737",""
"Mossleigh AGCM","16-April-2012","-4.732","12.540","3.676","36.090","91.000","65.274","48.700","0.100","9.075",""
"Mossleigh AGCM","17-April-2012","-0.880","3.892","2.000","67.580","98.700","79.683","48.700","0.000","9.459",""
"Mossleigh AGCM","18-April-2012","-1.326","7.330","3.217","66.290","99.700","83.384","48.900","0.200","12.604",""
"Mossleigh AGCM","19-April-2012","-2.780","13.010","5.322","31.560","102.300","71.889","48.900","0.000","8.830",""
"Mossleigh AGCM","20-April-2012","2.414","17.620","10.698","13.050","63.050","36.530","48.900","0.000","19.461",""
"Mossleigh AGCM","21-April-2012","-5.868","17.530","7.367","17.790","97.300","49.905","48.900","0.000","9.771",""
"Mossleigh AGCM","22-April-2012","-1.249","25.510","12.365","15.770","83.100","44.115","48.900","0.000","9.144",""
"Mossleigh AGCM","23-April-2012","0.001","28.380","14.910","13.620","91.300","44.635","48.900","0.000","11.181",""
"Mossleigh AGCM","24-April-2012","4.869","20.070","11.710","31.670","90.500","57.069","48.900","0.000","9.924",""
"Mossleigh AGCM","25-April-2012","2.140","22.040","11.043","17.120","100.900","71.753","48.900","0.000","10.425",""
"Mossleigh AGCM","26-April-2012","3.861","10.330","6.637","83.800","98.700","92.463","57.100","8.200","10.499",""
"Mossleigh AGCM","27-April-2012","3.159","7.280","4.988","63.940","100.000","86.110","58.800","1.700","17.187",""
"Mossleigh AGCM","28-April-2012","1.480","14.400","7.053","27.600","95.400","64.679","58.800","0.000","6.991",""
"Mossleigh AGCM","29-April-2012","-2.162","15.280","6.718","39.050","100.000","76.368","60.200","1.400","9.984",""
"Mossleigh AGCM","30-April-2012","-1.695","15.180","6.860","51.510","102.400","83.485","67.000","6.800","9.366",""
"Mossleigh AGCM","01-May-2012","3.242","7.590","4.923","92.400","98.300","94.638","81.700","14.700","9.713",""
"Mossleigh AGCM","02-May-2012","-0.188","8.130","4.267","70.400","101.900","90.754","84.400","2.700","7.118",""
"Mossleigh AGCM","03-May-2012","-0.784","11.760","5.967","37.500","101.200","74.678","84.400","0.000","11.307",""
"Mossleigh AGCM","04-May-2012","-2.581","18.320","9.048","18.450","97.900","56.419","84.400","0.000","10.305",""
"Mossleigh AGCM","05-May-2012","0.377","7.850","3.889","62.480","101.100","90.690","99.300","14.900","18.824",""
"Mossleigh AGCM","06-May-2012","1.716","15.290","7.508","25.590","97.000","54.470","99.300","0.000","14.328",""
"Mossleigh AGCM","07-May-2012","-3.638","18.970","9.724","20.870","96.300","50.843","99.300","0.000","7.766",""
"Mossleigh AGCM","08-May-2012","1.524","25.330","14.143","20.650","95.600","50.024","99.300","0.000","11.102",""
"Mossleigh AGCM","09-May-2012","1.877","20.800","12.356","25.650","96.600","53.770","99.700","0.400","17.858",""
"Mossleigh AGCM","10-May-2012","-2.027","9.980","3.784","17.790","101.100","59.120","100.300","0.600","14.465",""
"Mossleigh AGCM","11-May-2012","-3.884","16.070","6.595","15.210","65.420","37.200","100.300","0.000","10.179",""
"Mossleigh AGCM","12-May-2012","2.203","21.900","12.063","16.710","54.670","32.769","100.300","0.000","9.768",""
"Mossleigh AGCM","13-May-2012","2.749","25.920","16.345","11.590","62.390","28.115","100.300","0.000","9.104",""
"Mossleigh AGCM","14-May-2012","8.770","23.090","15.688","16.910","51.360","29.654","100.300","0.000","9.904",""
"Mossleigh AGCM","15-May-2012","4.483","29.670","18.469","13.130","77.300","33.563","100.300","0.000","10.646",""
"Mossleigh AGCM","16-May-2012","8.250","26.360","16.892","12.400","82.100","36.980","100.300","0.000","13.173",""
"Mossleigh AGCM","17-May-2012","4.532","12.130","7.639","50.250","93.100","72.939","107.500","7.200","10.129",""
"Mossleigh AGCM","18-May-2012","2.282","11.870","6.243","43.070","95.600","75.661","109.000","1.500","13.235",""
"Mossleigh AGCM","19-May-2012","-1.876","14.800","6.697","34.780","99.700","68.358","109.000","0.000","9.535",""
"Mossleigh AGCM","20-May-2012","-2.032","19.450","11.346","21.650","97.800","49.298","109.000","0.000","9.533",""
"Mossleigh AGCM","21-May-2012","8.320","21.400","14.554","31.030","70.600","51.272","109.000","0.000","10.881",""
"Mossleigh AGCM","22-May-2012","7.060","19.330","12.495","36.810","91.300","65.499","119.900","10.900","13.819",""
"Mossleigh AGCM","23-May-2012","3.608","13.330","8.003","44.680","95.100","77.239","120.700","0.800","18.730",""
"Mossleigh AGCM","24-May-2012","2.135","10.260","5.177","59.460","98.600","82.849","125.800","5.100","11.113",""
"Mossleigh AGCM","25-May-2012","-0.080","14.900","7.991","27.400","94.600","61.308","126.300","0.500","9.100",""
"Mossleigh AGCM","26-May-2012","-0.461","15.120","8.592","24.550","89.800","53.312","126.300","0.000","11.139",""
"Mossleigh AGCM","27-May-2012","3.909","11.490","6.660","58.290","93.600","79.043","127.400","1.100","11.034",""
"Queenstown","14-January-2012","-7.480","6.563","-2.661","39.620","83.300","60.445","0.000","0.000","12.133","17.329"
"Queenstown","15-January-2012","-22.730","-7.130","-15.649","81.500","94.100","86.931","2.900","2.900","25.583","33.003"
"Queenstown","16-January-2012","-31.240","-22.730","-27.060","73.190","81.300","77.116","3.417","0.517","7.581","10.859"
"Queenstown","17-January-2012","-32.190","-27.620","-30.065","65.640","73.780","71.465","5.179","1.762","3.815","6.882"
"Queenstown","18-January-2012","-33.910","-25.420","-29.873","61.540","72.750","68.431","5.296","0.117","7.517","8.740"
"Queenstown","19-January-2012","-30.000","-19.380","-23.807","56.990","75.400","67.214","5.296","0.000","4.764","5.617"
"Queenstown","20-January-2012","-21.370","-16.530","-18.658","70.380","85.410","77.618","5.296","0.000","10.287","13.508"
"Queenstown","21-January-2012","-17.610","-11.730","-14.392","79.910","88.880","85.060","5.296","0.000","8.672","11.669"
"Queenstown","22-January-2012","-12.830","0.430","-5.674","62.800","93.500","79.601","5.296","0.000","11.410","14.872"
"Queenstown","23-January-2012","-7.750","2.320","-2.643","48.760","66.300","59.797","5.296","0.000","14.729","18.433"
"Queenstown","24-January-2012","-9.390","2.940","-2.748","50.510","65.580","58.393","5.296","0.000","17.383","24.342"
"Queenstown","25-January-2012","-8.250","5.690","1.446","35.040","64.190","52.666","5.296","0.000","18.887","26.592"
"Queenstown","26-January-2012","-9.440","-0.960","-5.700","61.800","90.120","73.454","5.296","0.000","10.661","15.385"
"Queenstown","27-January-2012","-13.350","-0.180","-6.726","41.330","92.380","69.814","5.300","0.004","14.941","19.495"
"Queenstown","28-January-2012","-10.870","0.344","-5.486","52.320","86.200","67.364","5.300","0.000","10.992","15.730"
"Queenstown","29-January-2012","0.197","8.210","3.829","51.590","73.200","63.783","5.300","0.000","15.955","23.458"
"Queenstown","30-January-2012","-1.424","9.430","2.917","39.360","76.400","64.086","5.300","0.000","6.427","8.888"
"Queenstown","31-January-2012","-4.578","6.916","0.604","38.940","69.990","59.808","5.300","0.000","7.644","11.647"
"Queenstown","01-February-2012","-5.205","6.025","-0.273","50.290","72.900","63.490","5.300","0.000","7.941","11.750"
"Queenstown","02-February-2012","-7.510","4.073","-1.571","44.560","93.600","70.827","5.300","0.000","9.807","13.585"
"Queenstown","03-February-2012","-7.600","5.451","-1.851","38.920","81.100","65.693","5.300","0.000","9.724","13.980"
"Queenstown","04-February-2012","-7.140","8.430","-1.501","31.290","80.900","61.084","5.300","0.000","9.314","13.736"
"Queenstown","05-February-2012","-6.391","6.344","-0.641","47.730","90.800","71.735","5.300","0.000","12.244","17.274"
"Queenstown","06-February-2012","-12.160","-1.769","-5.799","34.030","78.000","63.555","5.300","0.000","9.261","13.001"
"Queenstown","07-February-2012","-12.980","-1.828","-8.244","46.600","88.300","69.855","5.300","0.000","14.549","20.803"
"Queenstown","08-February-2012","-12.160","4.416","-5.918","28.910","88.900","67.006","5.300","0.000","11.247","15.941"
"Queenstown","09-February-2012","-11.750","-2.831","-7.849","54.310","85.300","71.499","5.400","0.100","10.944","15.317"
"Queenstown","10-February-2012","-16.970","-8.570","-13.138","40.030","89.400","68.890","5.500","0.100","11.129","15.583"
"Queenstown","11-February-2012","-19.030","-4.017","-12.303","42.880","84.000","65.171","5.500","0.000","15.549","22.221"
"Queenstown","12-February-2012","-13.800","5.387","-3.272","40.520","86.300","64.808","5.500","0.000","3.489","4.430"
"Queenstown","13-February-2012","-3.929","4.626","0.355","55.940","96.900","66.310","7.200","1.700","10.226","14.003"
"Queenstown","14-February-2012","-12.940","0.501","-6.711","47.170","95.700","75.626","8.400","1.200","5.244","6.868"
"Queenstown","15-February-2012","-12.250","1.914","-6.471","41.920","77.600","63.320","8.400","0.000","6.162","7.547"
"Queenstown","16-February-2012","-10.660","3.972","-4.059","37.430","74.300","59.018","8.400","0.000","6.285","8.796"
"Queenstown","17-February-2012","-8.000","7.250","-2.062","39.490","84.100","65.374","8.400","0.000","5.183","6.904"
"Queenstown","18-February-2012","-5.639","6.451","-0.416","32.790","77.600","62.663","8.400","0.000","14.889","21.247"
"Queenstown","19-February-2012","-6.797","5.072","-1.363","32.320","80.000","61.827","8.400","0.000","7.951","11.089"
"Queenstown","20-February-2012","-7.410","1.609","-3.679","46.770","96.200","77.287","9.400","1.000","8.475","12.146"
"Queenstown","21-February-2012","-7.510","9.160","-0.046","26.880","81.800","59.347","9.400","0.000","9.532","14.146"
"Queenstown","22-February-2012","-5.035","3.940","-0.645","40.840","72.000","63.609","9.400","0.000","10.356","14.528"
"Queenstown","23-February-2012","-5.639","2.097","-2.426","50.310","96.800","78.630","11.900","2.500","10.211","13.943"
"Queenstown","24-February-2012","-8.370","-2.229","-4.757","60.760","97.900","88.600","14.500","2.600","10.710","16.004"
"Queenstown","25-February-2012","-13.750","-3.106","-7.124","85.000","97.700","92.308","15.500","1.000","22.316","30.899"
"Queenstown","26-February-2012","-18.930","-10.970","-14.141","78.400","90.300","86.079","17.500","2.000","6.871","8.673"
"Queenstown","27-February-2012","-24.420","-5.778","-15.560","58.740","91.000","79.236","18.500","1.000","3.768","5.281"
"Queenstown","28-February-2012","-19.380","-1.223","-10.469","47.400","91.400","75.652","18.500","0.000","4.345","4.843"
"Queenstown","29-February-2012","-12.400","0.765","-6.687","34.880","82.400","58.980","18.500","0.000","5.458","7.091"
"Queenstown","01-March-2012","-15.130","-6.864","-9.259","73.900","89.800","82.388","18.500","0.000","15.796","20.898"
"Queenstown","02-March-2012","-15.600","1.629","-7.777","49.400","92.000","74.990","18.500","0.000","4.718","6.725"
"Queenstown","03-March-2012","-8.130","10.680","0.093","41.070","97.000","64.348","18.700","0.200","11.756","16.321"
"Queenstown","04-March-2012","-3.974","6.460","-0.076","69.860","97.700","83.982","21.800","3.100","8.915","12.787"
"Queenstown","05-March-2012","-5.710","1.113","-3.672","76.000","98.100","93.510","22.000","0.200","10.051","13.553"
"Queenstown","06-March-2012","-13.470","-3.925","-8.043","71.600","96.400","87.775","22.700","0.700","19.153","25.496"
"Queenstown","07-March-2012","-14.460","5.056","-5.219","35.670","91.800","67.965","22.700","0.000","6.317","8.885"
"Queenstown","08-March-2012","-4.236","11.850","2.736","32.410","69.930","57.070","22.700","0.000","8.752","12.671"
"Queenstown","09-March-2012","1.956","16.200","7.968","28.340","64.440","45.442","22.700","0.000","16.493","24.728"
"Queenstown","10-March-2012","1.778","15.330","6.931","29.040","74.500","51.805","22.700","0.000","15.921","23.321"
"Queenstown","11-March-2012","-0.237","12.640","5.121","39.510","77.400","59.487","22.700","0.000","17.866","25.719"
"Queenstown","12-March-2012","-3.491","6.525","1.714","27.330","74.900","50.969","22.700","0.000","18.511","26.840"
"Queenstown","13-March-2012","-4.970","12.710","3.509","24.070","70.500","54.402","22.700","0.000","27.607","38.215"
"Queenstown","14-March-2012","-8.000","5.943","-0.704","24.220","82.700","54.011","22.700","0.000","15.548","17.746"
"Queenstown","15-March-2012","-2.238","15.380","5.546","33.200","78.700","57.639","22.700","0.000","21.355","24.563"
"Queenstown","16-March-2012","-2.769","12.590","4.576","24.230","81.800","58.681","22.700","0.000","17.741","21.441"
"Queenstown","17-March-2012","-5.038","3.268","-1.613","44.960","97.500","72.894","28.400","5.700","5.885","8.108"
"Queenstown","18-March-2012","-7.470","2.135","-2.705","58.570","98.200","84.482","30.100","1.700","9.104","14.551"
"Queenstown","19-March-2012","-7.070","0.735","-2.900","65.490","98.100","85.646","30.300","0.200","12.641","18.450"
"Queenstown","20-March-2012","-8.890","8.370","-0.888","29.460","86.300","63.940","30.400","0.100","14.945","23.184"
"Queenstown","21-March-2012","-5.591","6.582","0.602","22.850","83.200","50.048","30.400","0.000","13.981","19.484"
"Queenstown","22-March-2012","-5.682","3.798","-0.755","35.600","94.500","77.192","33.200","2.800","8.652","9.086"
"Queenstown","23-March-2012","-6.507","-3.129","-4.398","83.100","95.900","91.521","34.300","1.100","8.339","10.608"
"Queenstown","24-March-2012","-10.800","-1.780","-4.784","83.600","96.200","90.570","34.800","0.500","9.325","13.427"
"Queenstown","25-March-2012","-2.575","4.610","0.363","77.400","95.200","88.742","34.900","0.100","12.812","16.863"
"Queenstown","26-March-2012","-1.902","2.968","0.201","84.900","98.100","93.246","34.900","0.000","10.708","16.247"
"Queenstown","27-March-2012","-0.863","9.280","1.608","56.930","98.700","88.078","35.900","1.000","6.720","8.392"
"Queenstown","28-March-2012","-1.730","13.920","4.749","35.770","96.600","66.289","35.900","0.000","14.467","19.182"
"Queenstown","29-March-2012","-0.940","14.000","5.661","24.510","74.300","53.415","35.900","0.000","20.578","23.683"
"Queenstown","30-March-2012","-0.285","14.240","5.715","30.550","82.200","65.740","38.000","2.100","17.394","23.025"
"Queenstown","31-March-2012","-4.959","16.050","5.233","33.800","90.100","62.949","38.400","0.400","9.164","12.271"
"Queenstown","01-April-2012","0.727","10.710","5.106","35.710","84.100","64.032","38.400","0.000","11.068","18.623"
"Queenstown","02-April-2012","-4.403","12.260","3.650","13.980","94.400","54.476","38.400","0.000","8.827","11.764"
"Queenstown","03-April-2012","-1.390","18.630","7.664","12.610","66.570","37.281","38.400","0.000","14.819","21.584"
"Queenstown","04-April-2012","-1.687","12.870","5.546","32.400","98.600","51.787","38.400","0.000","13.088","21.554"
"Queenstown","05-April-2012","-4.504","7.940","0.655","33.850","98.300","75.600","39.000","0.600","10.909","14.280"
"Queenstown","06-April-2012","-7.470","6.625","-0.486","30.210","97.400","69.046","39.000","0.000","9.960","13.888"
"Queenstown","07-April-2012","-6.411","8.590","0.667","25.870","94.900","58.269","39.000","0.000","8.376","13.601"
"Queenstown","08-April-2012","-6.121","9.240","1.936","26.090","77.100","48.590","39.100","0.100","13.259","18.775"
"Queenstown","09-April-2012","-6.459","9.680","2.040","23.100","80.000","43.607","39.100","0.000","9.924","14.547"
"Queenstown","10-April-2012","-3.644","13.580","4.480","22.860","67.030","42.728","39.200","0.100","18.214","22.385"
"Queenstown","11-April-2012","-0.140","16.300","7.148","23.410","63.150","43.785","39.200","0.000","12.070","13.523"
"Queenstown","12-April-2012","-1.386","5.625","1.757","59.800","97.800","83.685","45.900","6.700","11.692","15.223"
"Queenstown","13-April-2012","-0.542","11.970","4.523","48.680","97.000","78.417","47.100","1.200","12.151","16.383"
"Queenstown","14-April-2012","-3.106","2.630","-0.024","66.580","94.400","85.408","47.400","0.300","17.424","20.769"
"Queenstown","15-April-2012","-4.552","-0.401","-2.952","63.190","88.300","79.473","47.800","0.400","14.443","17.702"
"Queenstown","16-April-2012","-5.778","11.490","2.875","33.310","88.700","62.147","47.800","0.000","10.508","13.916"
"Queenstown","17-April-2012","-1.538","7.330","1.505","60.660","96.900","78.820","48.600","0.800","9.062","12.849"
"Queenstown","18-April-2012","-0.526","4.753","1.833","81.200","95.900","88.567","48.800","0.200","11.236","15.278"
"Queenstown","19-April-2012","-0.430","11.990","4.355","40.210","98.300","75.066","48.800","0.000","8.264","10.673"
"Queenstown","20-April-2012","1.642","18.720","9.740","14.390","85.200","44.632","48.800","0.000","18.101","22.973"
"Queenstown","21-April-2012","-2.567","16.460","7.520","17.760","91.500","47.342","48.800","0.000","7.965","11.534"
"Queenstown","22-April-2012","1.618","25.390","13.368","15.540","66.310","38.142","48.800","0.000","9.384","12.483"
"Queenstown","23-April-2012","5.606","29.200","17.231","12.590","62.770","33.676","48.800","0.000","10.088","11.497"
"Queenstown","24-April-2012","6.507","20.850","12.499","28.770","87.400","51.121","48.800","0.000","11.160","14.985"
"Queenstown","25-April-2012","1.823","22.490","10.649","27.550","97.200","70.979","48.900","0.100","11.103","16.314"
"Queenstown","26-April-2012","3.016","12.420","7.215","65.200","94.800","83.530","53.300","4.400","11.864","18.668"
"Queenstown","27-April-2012","2.679","4.948","3.681","83.100","97.600","90.487","56.100","2.800","23.029","25.745"
"Queenstown","28-April-2012","0.920","13.060","6.000","30.260","92.000","66.901","56.100","0.000","11.443","9.454"
"Queenstown","29-April-2012","-1.997","15.420","6.138","33.780","96.400","72.223","56.200","0.100","8.643","12.694"
"Queenstown","30-April-2012","0.503","13.630","7.482","48.650","96.600","79.393","57.000","0.800","9.995","13.696"
"Queenstown","01-May-2012","3.016","6.504","4.538","89.700","96.100","93.598","80.600","23.600","12.939","17.360"
"Queenstown","02-May-2012","1.401","8.720","4.775","64.430","96.300","86.312","83.700","3.100","7.703","9.716"
"Queenstown","03-May-2012","-1.854","12.390","5.420","38.130","98.600","72.636","83.800","0.100","11.408","16.672"
"Queenstown","04-May-2012","-0.140","18.530","9.456","20.900","92.100","54.209","83.800","0.000","11.056","16.198"
"Queenstown","05-May-2012","0.959","8.000","4.589","52.540","96.500","83.852","99.600","15.800","16.396","28.970"
"Queenstown","06-May-2012","1.113","14.080","7.277","25.000","91.100","53.175","99.600","0.000","18.148","21.611"
"Queenstown","07-May-2012","1.370","18.620","10.657","20.840","65.500","41.297","99.600","0.000","7.579","10.383"
"Queenstown","08-May-2012","5.415","25.510","15.366","19.380","66.180","41.401","99.600","0.000","10.832","12.088"
"Queenstown","09-May-2012","1.185","22.590","13.118","21.110","90.400","48.195","100.800","1.200","18.330","22.735"
"Queenstown","10-May-2012","-1.532","9.460","3.861","19.310","93.900","54.565","101.500","0.700","13.255","20.148"
"Queenstown","11-May-2012","-3.877","15.490","6.950","13.710","63.990","32.045","101.500","0.000","7.974","11.800"
"Queenstown","12-May-2012","2.334","21.410","11.950","14.730","50.210","31.367","101.500","0.000","9.893","14.160"
"Queenstown","13-May-2012","6.437","25.990","16.942","12.760","44.200","25.050","101.500","0.000","8.604","14.105"
"Queenstown","14-May-2012","7.420","22.640","15.127","16.760","56.310","31.045","101.500","0.000","11.441","15.652"
"Queenstown","15-May-2012","7.180","30.610","18.215","11.380","61.140","34.172","101.500","0.000","12.362","13.285"
"Queenstown","16-May-2012","8.720","27.580","17.421","11.890","73.100","35.005","101.500","0.000","15.216","20.305"
"Queenstown","17-May-2012","4.072","13.810","8.191","44.690","88.100","67.481","102.500","1.000","12.344","14.807"
"Queenstown","18-May-2012","1.815","11.300","5.503","45.570","95.500","77.032","105.300","2.800","15.945","18.159"
"Queenstown","19-May-2012","-0.092","14.920","7.101","29.940","96.500","64.095","105.300","0.000","11.235","12.749"
"Queenstown","20-May-2012","1.585","19.950","12.084","18.400","77.700","42.834","105.300","0.000","9.816","10.257"
"Queenstown","21-May-2012","7.670","21.400","14.548","28.970","69.900","47.960","105.300","0.000","10.966","14.424"
"Queenstown","22-May-2012","7.130","19.500","12.367","33.550","90.400","64.019","110.800","5.500","15.222","19.860"
"Queenstown","23-May-2012","2.775","13.470","7.811","49.390","95.400","75.607","113.200","2.400","22.920","26.991"
"Queenstown","24-May-2012","1.258","10.040","4.788","57.150","96.500","81.720","120.800","7.600","13.109","15.184"
"Queenstown","25-May-2012","1.065","15.040","8.300","26.390","88.300","55.348","120.800","0.000","9.848","13.193"
"Queenstown","26-May-2012","0.872","14.810","8.623","27.010","79.700","50.792","120.800","0.000","11.455","12.604"
"Queenstown","27-May-2012","2.968","11.130","5.436","55.990","94.800","82.661","125.700","4.900","12.149","12.960"
"Travers AGCM","14-January-2012","-7.580","6.728","-1.408","39.980","80.300","61.197","0.000","0.000","14.455",""
"Travers AGCM","15-January-2012","-21.660","-6.148","-14.820","73.400","91.200","82.312","4.300","4.300","21.358",""
"Travers AGCM","16-January-2012","-31.880","-20.870","-26.237","66.310","79.000","73.936","4.700","0.400","7.674",""
"Travers AGCM","17-January-2012","-33.940","-28.240","-30.100","67.180","72.100","70.161","5.100","0.400","5.255",""
"Travers AGCM","18-January-2012","-35.760","-22.640","-29.616","51.750","71.000","64.474","5.300","0.200","9.002",""
"Travers AGCM","19-January-2012","-26.250","-17.450","-21.420","46.740","75.200","62.330","5.300","0.000","3.720",""
"Travers AGCM","20-January-2012","-20.940","-15.750","-18.378","57.640","84.400","74.874","5.300","0.000","8.924",""
"Travers AGCM","21-January-2012","-15.800","-11.360","-13.459","78.300","89.000","83.467","5.800","0.500","8.766",""
"Travers AGCM","22-January-2012","-11.960","0.075","-4.627","52.990","89.600","73.496","5.900","0.100","13.248",""
"Travers AGCM","23-January-2012","-5.667","2.808","-1.425","41.830","70.900","56.823","5.900","0.000","21.249",""
"Travers AGCM","24-January-2012","-8.470","4.421","-1.857","47.170","68.520","58.048","5.900","0.000","22.978",""
"Travers AGCM","25-January-2012","-5.966","6.093","2.143","36.810","66.720","53.253","5.900","0.000","24.097",""
"Travers AGCM","26-January-2012","-8.600","3.877","-3.059","58.250","81.200","70.621","5.900","0.000","14.677",""
"Travers AGCM","27-January-2012","-12.240","0.069","-6.243","42.050","89.500","67.613","5.900","0.000","17.294",""
"Travers AGCM","28-January-2012","-8.570","2.539","-3.750","50.570","82.700","63.130","5.900","0.000","13.364",""
"Travers AGCM","29-January-2012","2.539","9.300","6.302","49.490","67.040","55.515","5.900","0.000","23.560",""
"Travers AGCM","30-January-2012","-0.180","8.720","4.471","42.470","67.030","56.701","5.900","0.000","16.670",""
"Travers AGCM","31-January-2012","-2.116","7.080","2.018","35.910","65.610","53.567","5.900","0.000","18.052",""
"Travers AGCM","01-February-2012","-3.322","7.260","1.600","40.550","66.200","55.441","5.900","0.000","15.120",""
"Travers AGCM","02-February-2012","-5.871","5.196","-0.821","42.270","87.400","68.388","5.900","0.000","10.240",""
"Travers AGCM","03-February-2012","-9.210","6.864","-2.677","30.350","86.700","67.046","5.900","0.000","9.296",""
"Travers AGCM","04-February-2012","-10.710","11.440","-2.390","18.050","86.600","61.478","5.900","0.000","7.958",""
"Travers AGCM","05-February-2012","-5.668","6.347","0.817","50.430","84.800","67.554","5.900","0.000","12.334",""
"Travers AGCM","06-February-2012","-14.380","-0.892","-5.225","44.930","78.600","65.439","5.900","0.000","8.089",""
"Travers AGCM","07-February-2012","-15.960","-1.157","-9.686","40.720","90.300","73.540","6.000","0.100","11.775",""
"Travers AGCM","08-February-2012","-12.820","5.669","-5.676","27.650","90.300","66.586","6.000","0.000","8.920",""
"Travers AGCM","09-February-2012","-11.110","-2.316","-6.206","52.920","82.800","66.438","6.000","0.000","10.249",""
"Travers AGCM","10-February-2012","-16.490","-8.860","-12.442","52.470","89.600","74.530","6.000","0.000","8.279",""
"Travers AGCM","11-February-2012","-20.010","-3.406","-12.817","44.850","84.000","69.092","6.100","0.100","9.834",""
"Travers AGCM","12-February-2012","-14.110","7.140","-1.864","37.230","85.700","61.607","6.100","0.000","5.040",""
"Travers AGCM","13-February-2012","-3.248","5.089","1.752","49.240","95.000","61.958","7.400","1.300","10.445",""
"Travers AGCM","14-February-2012","-11.600","0.482","-5.449","46.930","93.100","70.885","7.800","0.400","10.111",""
"Travers AGCM","15-February-2012","-10.780","2.438","-5.163","40.670","72.500","60.502","7.800","0.000","13.461",""
"Travers AGCM","16-February-2012","-11.230","6.018","-3.127","32.350","77.400","58.308","7.800","0.000","5.554",""
"Travers AGCM","17-February-2012","-7.280","6.582","-1.700","34.940","79.400","63.742","7.800","0.000","6.481",""
"Travers AGCM","18-February-2012","-7.320","6.382","-0.224","32.730","84.000","60.710","7.800","0.000","17.331",""
"Travers AGCM","19-February-2012","-5.493","6.451","-0.192","23.310","76.100","51.616","7.800","0.000","15.031",""
"Travers AGCM","20-February-2012","-8.480","1.441","-3.316","44.210","93.200","73.967","7.800","0.000","8.772",""
"Travers AGCM","21-February-2012","-7.270","10.250","1.442","23.860","76.000","52.789","7.800","0.000","16.210",""
"Travers AGCM","22-February-2012","-3.510","5.278","1.127","45.620","66.870","57.101","7.800","0.000","13.927",""
"Travers AGCM","23-February-2012","-4.922","3.725","-1.626","41.160","96.410","73.526","8.870","1.070","11.047",""
"Travers AGCM","24-February-2012","-10.260","-0.916","-4.077","71.300","97.400","90.833","12.100","3.230","11.394",""
"Travers AGCM","25-February-2012","-12.340","-2.385","-6.149","79.700","97.300","90.090","12.950","0.850","20.228",""
"Travers AGCM","26-February-2012","-19.740","-10.850","-13.747","79.300","88.000","84.819","15.800","2.850","7.862",""
"Travers AGCM","27-February-2012","-22.450","-4.077","-14.661","55.630","88.500","79.918","15.800","0.000","5.341",""
"Travers AGCM","28-February-2012","-18.800","-2.308","-9.913","49.720","89.500","70.973","15.800","0.000","5.498",""
"Travers AGCM","29-February-2012","-10.050","1.677","-5.060","41.650","80.800","60.370","15.800","0.000","7.589",""
"Travers AGCM","01-March-2012","-12.060","-4.895","-8.025","69.860","87.500","79.912","15.800","0.000","14.252",""
"Travers AGCM","02-March-2012","-12.260","4.923","-5.360","31.400","89.200","70.709","15.800","0.000","8.979",""
"Travers AGCM","03-March-2012","-9.390","11.910","1.735","33.090","91.700","59.530","15.800","0.000","15.846",""
"Travers AGCM","04-March-2012","-2.982","12.410","2.124","37.780","95.800","76.368","17.100","1.300","11.694",""
"Travers AGCM","05-March-2012","-4.478","3.818","-2.541","68.920","97.400","91.695","17.200","0.100","10.443",""
"Travers AGCM","06-March-2012","-11.500","-3.055","-6.975","72.300","93.400","84.308","18.000","0.800","18.562",""
"Travers AGCM","07-March-2012","-13.750","5.607","-4.150","29.750","89.300","64.726","18.000","0.000","8.578",""
"Travers AGCM","08-March-2012","-2.797","11.750","4.086","28.440","70.500","49.820","18.000","0.000","18.203",""
"Travers AGCM","09-March-2012","2.269","17.040","10.134","19.870","49.330","32.855","18.000","0.000","22.567",""
"Travers AGCM","10-March-2012","3.694","15.160","8.817","21.130","63.650","40.879","18.000","0.000","19.992",""
"Travers AGCM","11-March-2012","-0.711","13.730","5.847","31.170","80.700","54.349","18.000","0.000","18.637",""
"Travers AGCM","12-March-2012","-2.920","7.570","2.346","18.610","69.420","43.680","18.000","0.000","21.563",""
"Travers AGCM","13-March-2012","-3.504","13.530","2.915","27.830","81.700","58.805","18.000","0.000","24.055",""
"Travers AGCM","14-March-2012","-6.417","5.733","0.157","24.000","83.300","50.118","18.000","0.000","19.140",""
"Travers AGCM","15-March-2012","-3.140","14.390","5.800","33.720","77.000","58.093","18.000","0.000","19.464",""
"Travers AGCM","16-March-2012","-0.409","12.710","4.992","24.000","85.400","56.518","18.000","0.000","21.856",""
"Travers AGCM","17-March-2012","-5.461","3.925","-0.945","45.610","97.100","72.557","22.500","4.500","7.136",""
"Travers AGCM","18-March-2012","-5.982","3.619","-1.108","53.080","97.800","78.829","25.200","2.700","13.912",""
"Travers AGCM","19-March-2012","-3.019","1.881","-1.094","63.620","96.900","80.886","25.400","0.200","13.879",""
"Travers AGCM","20-March-2012","-5.796","7.740","0.381","35.190","86.700","62.585","25.400","0.000","21.002",""
"Travers AGCM","21-March-2012","-5.291","6.473","0.922","23.650","74.800","51.358","25.500","0.100","16.845",""
"Travers AGCM","22-March-2012","-3.665","7.230","0.190","47.570","97.500","81.582","28.900","3.400","8.768",""
"Travers AGCM","23-March-2012","-6.325","-2.525","-3.605","85.800","95.200","90.925","30.900","2.000","8.944",""
"Travers AGCM","24-March-2012","-7.100","-1.864","-3.424","84.000","96.100","91.096","31.000","0.100","7.158",""
"Travers AGCM","25-March-2012","-2.109","4.589","0.625","79.000","94.800","89.650","31.000","0.000","10.175",""
"Travers AGCM","26-March-2012","-4.040","3.368","0.517","84.600","97.000","93.204","32.300","1.300","11.060",""
"Travers AGCM","27-March-2012","-1.787","12.750","3.261","33.470","97.800","80.737","32.300","0.000","6.102",""
"Travers AGCM","28-March-2012","-2.133","14.640","4.728","29.500","96.900","67.129","32.300","0.000","14.838",""
"Travers AGCM","29-March-2012","0.531","13.670","6.240","26.970","73.700","51.702","32.300","0.000","21.206",""
"Travers AGCM","30-March-2012","1.253","13.360","6.319","32.630","83.200","64.525","32.600","0.300","22.795",""
"Travers AGCM","31-March-2012","-3.218","17.070","6.793","31.750","86.800","56.469","32.700","0.100","11.923",""
"Travers AGCM","01-April-2012","-0.931","12.730","6.528","20.980","93.000","58.367","33.400","0.700","14.214",""
"Travers AGCM","02-April-2012","-5.096","12.260","3.895","14.990","94.900","55.265","33.400","0.000","11.562",""
"Travers AGCM","03-April-2012","-2.043","18.740","7.966","12.630","70.100","38.022","33.400","0.000","14.804",""
"Travers AGCM","04-April-2012","-0.640","13.020","6.396","30.680","94.800","51.877","34.200","0.800","16.019",""
"Travers AGCM","05-April-2012","-3.794","8.290","1.541","30.510","95.100","69.044","34.200","0.000","10.909",""
"Travers AGCM","06-April-2012","-3.756","6.563","0.275","33.630","95.900","69.865","34.300","0.100","10.872",""
"Travers AGCM","07-April-2012","-3.475","9.020","1.844","21.850","85.600","54.447","34.300","0.000","12.557",""
"Travers AGCM","08-April-2012","-3.102","10.160","2.844","29.280","64.230","46.165","34.300","0.000","14.863",""
"Travers AGCM","09-April-2012","-6.770","9.870","2.318","23.340","73.500","43.475","34.300","0.000","9.121",""
"Travers AGCM","10-April-2012","-4.259","14.330","4.969","25.290","75.300","45.442","34.300","0.000","13.128",""
"Travers AGCM","11-April-2012","-0.779","16.010","7.058","24.790","65.930","45.142","34.300","0.000","8.404",""
"Travers AGCM","12-April-2012","0.436","6.574","3.060","63.140","96.600","81.667","50.300","16.000","12.987",""
"Travers AGCM","13-April-2012","0.478","12.770","5.729","47.500","93.700","76.019","51.000","0.700","10.915",""
"Travers AGCM","14-April-2012","-2.327","3.118","0.834","68.020","95.300","85.529","51.400","0.400","12.903",""
"Travers AGCM","15-April-2012","-4.861","0.936","-1.901","60.680","86.200","76.466","51.700","0.300","13.529",""
"Travers AGCM","16-April-2012","-5.854","12.230","3.045","37.730","89.700","65.818","51.700","0.000","9.482",""
"Travers AGCM","17-April-2012","0.221","7.500","2.745","57.220","96.300","79.129","52.300","0.600","10.249",""
"Travers AGCM","18-April-2012","0.484","8.310","3.137","71.000","96.600","87.773","52.700","0.400","10.832",""
"Travers AGCM","19-April-2012","1.009","12.080","5.259","43.730","97.800","75.388","52.700","0.000","7.788",""
"Travers AGCM","20-April-2012","4.229","18.390","11.283","13.550","63.630","36.745","52.700","0.000","21.273",""
"Travers AGCM","21-April-2012","-1.229","17.160","8.553","23.000","82.600","45.900","52.700","0.000","8.558",""
"Travers AGCM","22-April-2012","2.245","26.040","14.372","14.880","68.030","39.347","52.700","0.000","13.160",""
"Travers AGCM","23-April-2012","7.800","28.790","18.965","13.740","55.590","32.503","52.700","0.000","12.942",""
"Travers AGCM","24-April-2012","8.500","22.310","14.889","28.270","76.300","46.931","52.700","0.000","11.568",""
"Travers AGCM","25-April-2012","3.135","22.290","12.179","19.790","97.000","65.063","52.700","0.000","9.805",""
"Travers AGCM","26-April-2012","4.829","12.830","8.660","67.030","94.700","84.898","59.200","6.500","11.181",""
"Travers AGCM","27-April-2012","3.135","6.379","4.948","72.800","96.500","86.008","60.700","1.500","21.610",""
"Travers AGCM","28-April-2012","1.308","12.980","6.790","30.170","91.600","64.476","60.700","0.000","10.037",""
"Travers AGCM","29-April-2012","-2.010","15.420","6.735","32.190","97.400","70.457","61.300","0.600","7.457",""
"Travers AGCM","30-April-2012","1.308","13.590","7.265","51.990","96.700","83.035","62.100","0.800","8.871",""
"Travers AGCM","01-May-2012","3.913","6.600","5.200","87.400","96.200","91.502","77.900","15.800","14.345",""
"Travers AGCM","02-May-2012","2.114","7.720","5.184","73.500","95.100","89.092","89.300","11.400","8.471",""
"Travers AGCM","03-May-2012","-0.735","12.590","6.004","30.890","98.000","73.645","89.400","0.100","8.886",""
"Travers AGCM","04-May-2012","-0.055","17.760","9.723","21.990","91.100","53.424","89.400","0.000","17.788",""
"Travers AGCM","05-May-2012","0.937","8.750","4.484","48.110","95.000","82.018","100.600","11.200","20.898",""
"Travers AGCM","06-May-2012","1.799","14.340","7.732","26.340","88.800","51.610","100.600","0.000","18.277",""
"Travers AGCM","07-May-2012","0.480","18.880","10.791","21.600","74.500","43.825","100.700","0.100","7.700",""
"Travers AGCM","08-May-2012","3.651","25.830","15.251","22.390","80.800","44.547","100.700","0.000","12.207",""
"Travers AGCM","09-May-2012","2.370","22.330","13.947","14.060","89.700","45.991","100.900","0.200","22.558",""
"Travers AGCM","10-May-2012","0.229","10.480","4.212","14.840","92.800","56.790","101.400","0.500","17.035",""
"Travers AGCM","11-May-2012","-0.731","15.930","7.476","13.150","48.820","30.939","101.500","0.100","11.885",""
"Travers AGCM","12-May-2012","-0.740","21.390","12.587","17.020","60.000","31.362","101.500","0.000","11.591",""
"Travers AGCM","13-May-2012","8.560","26.230","17.945","12.930","40.670","23.919","101.500","0.000","12.488",""
"Travers AGCM","14-May-2012","10.410","22.400","16.412","17.360","46.970","28.965","101.500","0.000","11.449",""
"Travers AGCM","15-May-2012","4.355","30.340","18.539","11.940","73.800","35.323","101.500","0.000","11.625",""
"Travers AGCM","16-May-2012","9.370","27.690","18.885","11.090","70.900","31.205","101.500","0.000","15.142",""
"Travers AGCM","17-May-2012","5.283","13.380","8.548","48.250","82.300","67.999","101.800","0.300","11.815",""
"Travers AGCM","18-May-2012","1.785","11.780","6.201","43.880","92.900","74.395","103.200","1.400","13.974",""
"Travers AGCM","19-May-2012","0.420","14.330","7.386","37.120","92.400","64.532","103.300","0.100","9.791",""
"Travers AGCM","20-May-2012","3.565","19.840","12.534","23.050","74.000","43.943","103.300","0.000","12.496",""
"Travers AGCM","21-May-2012","9.050","22.350","15.242","30.090","67.920","48.856","103.300","0.000","15.675",""
"Travers AGCM","22-May-2012","7.580","19.500","13.289","31.630","91.000","61.131","108.500","5.200","16.278",""
"Travers AGCM","23-May-2012","3.804","14.340","8.587","43.180","91.900","73.435","114.000","5.500","19.085",""
"Travers AGCM","24-May-2012","2.081","9.750","5.320","59.040","95.300","80.205","118.500","4.500","13.182",""
"Travers AGCM","25-May-2012","1.392","15.070","8.808","28.480","86.400","54.538","118.500","0.000","11.224",""
"Travers AGCM","26-May-2012","-0.116","14.060","8.389","32.000","79.600","52.966","118.500","0.000","9.823",""
"Travers AGCM","27-May-2012","3.214","8.380","5.237","71.300","95.600","86.354","124.300","5.800","12.565",""
